{
    "loss": [
        1.9619898796081543,
        1.3608241081237793,
        1.163428783416748,
        1.0218944549560547,
        0.6013363599777222,
        0.44186654686927795,
        0.32841697335243225,
        0.2950514256954193,
        0.2719500660896301,
        0.2529909908771515,
        0.2352174073457718,
        0.22846683859825134
    ],
    "accuracy": [
        0.5561584234237671,
        0.6895049214363098,
        0.733518123626709,
        0.7681187987327576,
        0.8760396242141724,
        0.9126864671707153,
        0.9424818754196167,
        0.951405942440033,
        0.9568976759910583,
        0.9615841507911682,
        0.9662178158760071,
        0.9680263996124268
    ],
    "val_loss": [
        1.326898217201233,
        1.1900845766067505,
        1.15264093875885,
        1.1625783443450928,
        0.7530382871627808,
        0.7613667249679565,
        0.7293542623519897,
        0.729814887046814,
        0.7308457493782043,
        0.7325936555862427,
        0.730449378490448,
        0.7302173972129822
    ],
    "val_accuracy": [
        0.6922669410705566,
        0.7266949415206909,
        0.741790235042572,
        0.7409957647323608,
        0.8389830589294434,
        0.8350105881690979,
        0.8429555296897888,
        0.8453390002250671,
        0.8456038236618042,
        0.8429555296897888,
        0.8429555296897888,
        0.8429555296897888
    ],
    "lr": [
        0.0010000000474974513,
        0.0010000000474974513,
        0.0010000000474974513,
        0.0010000000474974513,
        0.00020000000949949026,
        0.00020000000949949026,
        4.0000002627493814e-05,
        4.0000002627493814e-05,
        4.0000002627493814e-05,
        4.0000002627493814e-05,
        8.000000889296643e-06,
        1.6000001323845936e-06
    ]
}