{
    "loss": [
        1.971015453338623,
        1.3665838241577148,
        1.1686359643936157,
        0.6963379383087158,
        0.5190857648849487
    ],
    "accuracy": [
        0.5548911094665527,
        0.6872607469558716,
        0.7323696613311768,
        0.8518415689468384,
        0.8930429220199585
    ],
    "val_loss": [
        1.2566486597061157,
        1.147868275642395,
        1.1354975700378418,
        0.8496381640434265,
        0.8427395820617676
    ],
    "val_accuracy": [
        0.7158368825912476,
        0.7349046468734741,
        0.7341101765632629,
        0.8045550584793091,
        0.8027012944221497
    ],
    "lr": [
        0.0010000000474974513,
        0.0010000000474974513,
        0.0010000000474974513,
        0.00020000000949949026,
        0.00020000000949949026
    ]
}