{
    "loss": [
        2.567985773086548,
        1.7882959842681885,
        1.5522525310516357,
        1.3941458463668823,
        1.2689918279647827
    ],
    "accuracy": [
        0.4790363013744354,
        0.6291353106498718,
        0.6822310090065002,
        0.7164620757102966,
        0.7464290261268616
    ],
    "val_loss": [
        1.648118257522583,
        1.4503284692764282,
        1.3781936168670654,
        1.3075857162475586,
        1.2905217409133911
    ],
    "val_accuracy": [
        0.6652542352676392,
        0.6986228823661804,
        0.7198092937469482,
        0.7394067645072937,
        0.7399364113807678
    ],
    "lr": [
        0.0010000000474974513,
        0.0010000000474974513,
        0.0010000000474974513,
        0.0010000000474974513,
        0.0010000000474974513
    ]
}