{
    "loss": [
        0.7531108260154724,
        0.7518194913864136,
        0.7510407567024231,
        0.7493833303451538,
        0.7490338087081909
    ],
    "accuracy": [
        0.8103762269020081,
        0.8111287355422974,
        0.8115247488021851,
        0.8119208216667175,
        0.8119735717773438
    ],
    "val_loss": [
        0.9369334578514099,
        0.936691164970398,
        0.9365534782409668,
        0.9365289807319641,
        0.9365442395210266
    ],
    "val_accuracy": [
        0.742849588394165,
        0.7444385886192322,
        0.7439088821411133,
        0.7439088821411133,
        0.7439088821411133
    ],
    "lr": [
        9.999999747378752e-06,
        9.999999747378752e-06,
        9.999999747378752e-06,
        1.9999999949504854e-06,
        4.0000000467443897e-07
    ]
}