{
    "loss": [
        0.40819427371025085,
        0.40600261092185974,
        0.40870198607444763,
        0.4096390902996063,
        0.4058747887611389
    ],
    "accuracy": [
        0.9268515110015869,
        0.9279075860977173,
        0.9268779158592224,
        0.9266798496246338,
        0.9277227520942688
    ],
    "val_loss": [
        0.8205616474151611,
        0.8190550804138184,
        0.819900631904602,
        0.8160818815231323,
        0.8025336265563965
    ],
    "val_accuracy": [
        0.8177965879440308,
        0.8175317645072937,
        0.8170021176338196,
        0.8183262944221497,
        0.8262711763381958
    ],
    "lr": [
        9.999999747378752e-05,
        9.999999747378752e-05,
        1.9999999494757503e-05,
        3.999999989900971e-06,
        3.999999989900971e-06
    ]
}