{
    "loss": [
        1.6542590856552124,
        1.0741474628448486,
        0.8627157807350159,
        0.7033573985099792,
        0.5806149244308472
    ],
    "accuracy": [
        0.5796171426773071,
        0.7124488353729248,
        0.7621782422065735,
        0.8001716136932373,
        0.8314323425292969
    ],
    "val_loss": [
        1.022312045097351,
        0.9661107659339905,
        0.9345061182975769,
        0.9170202016830444,
        0.957685112953186
    ],
    "val_accuracy": [
        0.7174258232116699,
        0.7285487055778503,
        0.7439088821411133,
        0.7510592937469482,
        0.7529131174087524
    ],
    "lr": [
        0.0010000000474974513,
        0.0010000000474974513,
        0.0010000000474974513,
        0.0010000000474974513,
        0.0010000000474974513
    ]
}