{
    "loss": [
        2.5734684467315674,
        1.7908480167388916,
        1.547501802444458,
        1.3976060152053833,
        1.2739171981811523
    ],
    "accuracy": [
        0.47629043459892273,
        0.6283432245254517,
        0.6803564429283142,
        0.7154455184936523,
        0.7434719204902649
    ],
    "val_loss": [
        1.6219532489776611,
        1.4672573804855347,
        1.374767780303955,
        1.3419297933578491,
        1.3224064111709595
    ],
    "val_accuracy": [
        0.6694915294647217,
        0.694650411605835,
        0.7190148234367371,
        0.7245762944221497,
        0.7309321761131287
    ],
    "lr": [
        0.0010000000474974513,
        0.0010000000474974513,
        0.0010000000474974513,
        0.0010000000474974513,
        0.0010000000474974513
    ]
}