{
    "loss": [
        1.7202540636062622,
        1.2011488676071167,
        1.0563364028930664,
        0.9617171883583069,
        0.8904331922531128
    ],
    "accuracy": [
        0.5795115232467651,
        0.6882508397102356,
        0.7225610613822937,
        0.7469174861907959,
        0.7654389142990112
    ],
    "val_loss": [
        1.133196473121643,
        1.042792797088623,
        0.9958601593971252,
        0.9787924885749817,
        0.9740504622459412
    ],
    "val_accuracy": [
        0.6988877058029175,
        0.7150423526763916,
        0.727224588394165,
        0.7311970591545105,
        0.7349046468734741
    ],
    "lr": [
        0.0010000000474974513,
        0.0010000000474974513,
        0.0010000000474974513,
        0.0010000000474974513,
        0.0010000000474974513
    ]
}