{
    "loss": [
        1.9657573699951172,
        1.3754242658615112,
        1.1746655702590942,
        0.699199914932251,
        0.5239008665084839
    ],
    "accuracy": [
        0.5550891160964966,
        0.6835115551948547,
        0.7311022877693176,
        0.8512607216835022,
        0.8910759091377258
    ],
    "val_loss": [
        1.2966746091842651,
        1.1580842733383179,
        1.1591845750808716,
        0.8460938334465027,
        0.8506547212600708
    ],
    "val_accuracy": [
        0.6954449415206909,
        0.7386122941970825,
        0.7306673526763916,
        0.8069385886192322,
        0.8074682354927063
    ],
    "lr": [
        0.0010000000474974513,
        0.0010000000474974513,
        0.0010000000474974513,
        0.00020000000949949026,
        0.00020000000949949026
    ]
}