{
    "loss": [
        0.8047062754631042,
        0.8068546056747437,
        0.8071112632751465,
        0.8087186217308044,
        0.8010124564170837
    ],
    "accuracy": [
        0.8241716027259827,
        0.8227062821388245,
        0.8231947422027588,
        0.8223366141319275,
        0.823405921459198
    ],
    "val_loss": [
        1.0512826442718506,
        1.0451741218566895,
        1.0457911491394043,
        1.0475785732269287,
        1.0556546449661255
    ],
    "val_accuracy": [
        0.7579449415206909,
        0.7529131174087524,
        0.7629767060279846,
        0.7579449415206909,
        0.7619173526763916
    ],
    "lr": [
        9.999999747378752e-06,
        9.999999747378752e-06,
        1.9999999949504854e-06,
        1.9999999949504854e-06,
        4.0000000467443897e-07
    ]
}