{
    "loss": [
        0.7132182121276855,
        0.7119890451431274,
        0.7103192210197449,
        0.7101724743843079,
        0.7098317742347717
    ],
    "accuracy": [
        0.8218613862991333,
        0.8224818706512451,
        0.8228647112846375,
        0.8229175209999084,
        0.8230363130569458
    ],
    "val_loss": [
        0.9343577027320862,
        0.9341758489608765,
        0.9341407418251038,
        0.9341222643852234,
        0.9341252446174622
    ],
    "val_accuracy": [
        0.7468220591545105,
        0.7468220591545105,
        0.7470868825912476,
        0.7470868825912476,
        0.7470868825912476
    ],
    "lr": [
        9.999999747378752e-06,
        9.999999747378752e-06,
        1.9999999949504854e-06,
        1.9999999949504854e-06,
        4.0000000467443897e-07
    ]
}