{
    "loss": [
        0.7098773717880249,
        0.7098154425621033,
        0.7096424698829651,
        0.7096181511878967
    ],
    "accuracy": [
        0.8229438662528992,
        0.8230099081993103,
        0.8230099081993103,
        0.8230627179145813
    ],
    "val_loss": [
        0.9340971112251282,
        0.934099555015564,
        0.9341016411781311,
        0.93410325050354
    ],
    "val_accuracy": [
        0.7465571761131287,
        0.7462923526763916,
        0.7462923526763916,
        0.7465571761131287
    ],
    "lr": [
        9.999999974752427e-07,
        9.999999974752427e-07,
        2.0000000233721948e-07,
        1.0000000116860974e-07
    ]
}