{
    "loss": [
        1.7144873142242432,
        1.2007862329483032,
        1.0565396547317505,
        0.9608501195907593,
        0.8902332186698914
    ],
    "accuracy": [
        0.5828382968902588,
        0.6884356141090393,
        0.7247392535209656,
        0.7471287250518799,
        0.7658481597900391
    ],
    "val_loss": [
        1.1256009340286255,
        1.0277984142303467,
        0.9933042526245117,
        0.9818843007087708,
        0.9695656299591064
    ],
    "val_accuracy": [
        0.6999470591545105,
        0.7213982939720154,
        0.7309321761131287,
        0.734375,
        0.7364936470985413
    ],
    "lr": [
        0.0010000000474974513,
        0.0010000000474974513,
        0.0010000000474974513,
        0.0010000000474974513,
        0.0010000000474974513
    ]
}