{
    "loss": [
        1.9726674556732178,
        1.3705393075942993,
        1.166395902633667,
        1.0254771709442139,
        0.6041155457496643
    ],
    "accuracy": [
        0.5551550984382629,
        0.6869438886642456,
        0.7318019866943359,
        0.7661386132240295,
        0.875392735004425
    ],
    "val_loss": [
        1.327113389968872,
        1.1643422842025757,
        1.0967955589294434,
        1.1477327346801758,
        0.864229679107666
    ],
    "val_accuracy": [
        0.6951800584793091,
        0.7298728823661804,
        0.7447034120559692,
        0.7409957647323608,
        0.8016419410705566
    ],
    "lr": [
        0.0010000000474974513,
        0.0010000000474974513,
        0.0010000000474974513,
        0.0010000000474974513,
        0.00020000000949949026
    ]
}