{
    "loss": [
        0.41638240218162537,
        0.4153243899345398,
        0.4158078730106354,
        0.4164915382862091
    ],
    "accuracy": [
        0.9248976707458496,
        0.9245148301124573,
        0.9252673387527466,
        0.9239208102226257
    ],
    "val_loss": [
        0.8247962594032288,
        0.8191103339195251,
        0.8279159665107727,
        0.8332375884056091
    ],
    "val_accuracy": [
        0.8162076473236084,
        0.8138241767883301,
        0.8143538236618042,
        0.8093220591545105
    ],
    "lr": [
        9.999999747378752e-06,
        9.999999747378752e-06,
        1.9999999949504854e-06,
        4.0000000467443897e-07
    ]
}