{
    "loss": [
        1.9762959480285645,
        1.3684289455413818,
        1.167844533920288,
        1.0228338241577148,
        0.9153519868850708
    ],
    "accuracy": [
        0.5546270608901978,
        0.6864422559738159,
        0.7340198159217834,
        0.7655181288719177,
        0.7940593957901001
    ],
    "val_loss": [
        1.2625833749771118,
        1.171766757965088,
        1.1304465532302856,
        1.075906753540039,
        1.099953055381775
    ],
    "val_accuracy": [
        0.7036546468734741,
        0.7304025292396545,
        0.7354342937469482,
        0.7537076473236084,
        0.7513241767883301
    ],
    "lr": [
        0.0010000000474974513,
        0.0010000000474974513,
        0.0010000000474974513,
        0.0010000000474974513,
        0.0010000000474974513
    ]
}