{
    "loss": [
        0.7962052226066589,
        0.7881813049316406,
        0.7810602784156799,
        0.7744365930557251,
        0.768151044845581
    ],
    "accuracy": [
        0.7979537844657898,
        0.8005676865577698,
        0.8025610446929932,
        0.8039339780807495,
        0.8059141635894775
    ],
    "val_loss": [
        0.9417586326599121,
        0.9406226277351379,
        0.9394835233688354,
        0.938746452331543,
        0.9379916191101074
    ],
    "val_accuracy": [
        0.7391419410705566,
        0.7399364113807678,
        0.7407309412956238,
        0.7409957647323608,
        0.7431144118309021
    ],
    "lr": [
        9.999999747378752e-05,
        9.999999747378752e-05,
        9.999999747378752e-05,
        9.999999747378752e-05,
        9.999999747378752e-05
    ]
}