{
    "loss": [
        0.7604726552963257,
        0.7472410202026367,
        0.7395715713500977,
        0.7333185076713562,
        0.7275092601776123
    ],
    "accuracy": [
        0.8072739243507385,
        0.8115115761756897,
        0.8140857815742493,
        0.8156963586807251,
        0.8173729181289673
    ],
    "val_loss": [
        0.9396855235099792,
        0.9370428919792175,
        0.9357597827911377,
        0.9356240034103394,
        0.9353964924812317
    ],
    "val_accuracy": [
        0.7420550584793091,
        0.7431144118309021,
        0.7447034120559692,
        0.7449682354927063,
        0.7452330589294434
    ],
    "lr": [
        9.999999747378752e-05,
        9.999999747378752e-05,
        9.999999747378752e-05,
        9.999999747378752e-05,
        9.999999747378752e-05
    ]
}