{
    "loss": [
        2.084294080734253,
        1.5979939699172974,
        1.4776692390441895,
        1.4046257734298706,
        1.3506954908370972
    ],
    "accuracy": [
        0.49811220169067383,
        0.5942310094833374,
        0.6206732392311096,
        0.636396050453186,
        0.6473795175552368
    ],
    "val_loss": [
        1.2918673753738403,
        1.198351502418518,
        1.1463758945465088,
        1.1342631578445435,
        1.1232447624206543
    ],
    "val_accuracy": [
        0.6504237055778503,
        0.6747881174087524,
        0.6925317645072937,
        0.6933262944221497,
        0.694915235042572
    ],
    "lr": [
        0.0010000000474974513,
        0.0010000000474974513,
        0.0010000000474974513,
        0.0010000000474974513,
        0.0010000000474974513
    ]
}