{
    "loss": [
        0.7920840382575989,
        0.7896252274513245,
        0.7940914034843445,
        0.7938152551651001
    ],
    "accuracy": [
        0.8279339671134949,
        0.8289108872413635,
        0.8270230889320374,
        0.8271023035049438
    ],
    "val_loss": [
        1.034318447113037,
        1.03379225730896,
        1.0419766902923584,
        1.0489826202392578
    ],
    "val_accuracy": [
        0.7621821761131287,
        0.7621821761131287,
        0.7576800584793091,
        0.758474588394165
    ],
    "lr": [
        9.999999747378752e-05,
        9.999999747378752e-05,
        1.9999999494757503e-05,
        3.999999989900971e-06
    ]
}