{
    "loss": [
        1.7156928777694702,
        1.1999430656433105,
        1.0552189350128174,
        0.961128294467926,
        0.8232444524765015
    ],
    "accuracy": [
        0.5821254253387451,
        0.69029700756073,
        0.7235379815101624,
        0.7466270923614502,
        0.7895049452781677
    ],
    "val_loss": [
        1.1303149461746216,
        1.0380672216415405,
        0.99167799949646,
        0.9770601391792297,
        0.9456701278686523
    ],
    "val_accuracy": [
        0.6986228823661804,
        0.7190148234367371,
        0.7293432354927063,
        0.7293432354927063,
        0.741525411605835
    ],
    "lr": [
        0.0010000000474974513,
        0.0010000000474974513,
        0.0010000000474974513,
        0.0010000000474974513,
        0.00020000000949949026
    ]
}