{
    "loss": [
        0.41615530848503113,
        0.4163006544113159,
        0.4188792407512665,
        0.41840407252311707,
        0.4175822138786316
    ],
    "accuracy": [
        0.9243168234825134,
        0.9244488477706909,
        0.9236171841621399,
        0.9234983325004578,
        0.9246468544006348
    ],
    "val_loss": [
        0.82070392370224,
        0.8286855816841125,
        0.8271242380142212,
        0.8292111754417419,
        0.8326008319854736
    ],
    "val_accuracy": [
        0.8170021176338196,
        0.8114407062530518,
        0.8201800584793091,
        0.8127648234367371,
        0.8127648234367371
    ],
    "lr": [
        9.999999974752427e-07,
        9.999999974752427e-07,
        2.0000000233721948e-07,
        2.0000000233721948e-07,
        1.0000000116860974e-07
    ]
}