{
    "loss": [
        0.811130702495575,
        0.8086937665939331,
        0.8048393130302429,
        0.8054220676422119
    ],
    "accuracy": [
        0.8232871294021606,
        0.822257399559021,
        0.8235907554626465,
        0.8236963748931885
    ],
    "val_loss": [
        1.0518027544021606,
        1.0543010234832764,
        1.0575292110443115,
        1.0554250478744507
    ],
    "val_accuracy": [
        0.7587394118309021,
        0.7545021176338196,
        0.758474588394165,
        0.7560911178588867
    ],
    "lr": [
        9.999999974752427e-07,
        9.999999974752427e-07,
        2.0000000233721948e-07,
        1.0000000116860974e-07
    ]
}