{
    "loss": [
        1.6488635540008545,
        1.0743682384490967,
        0.8610274791717529,
        0.7000756859779358,
        0.5863667130470276
    ],
    "accuracy": [
        0.5808317065238953,
        0.7127524614334106,
        0.7630230784416199,
        0.800884485244751,
        0.8289636969566345
    ],
    "val_loss": [
        1.0405908823013306,
        0.949073851108551,
        0.9171591997146606,
        0.946982741355896,
        0.9690331816673279
    ],
    "val_accuracy": [
        0.7139830589294434,
        0.741525411605835,
        0.7460275292396545,
        0.7486758232116699,
        0.7518538236618042
    ],
    "lr": [
        0.0010000000474974513,
        0.0010000000474974513,
        0.0010000000474974513,
        0.0010000000474974513,
        0.0010000000474974513
    ]
}