{
    "loss": [
        0.7490801811218262,
        0.7490138411521912,
        0.7488383650779724,
        0.7488110661506653
    ],
    "accuracy": [
        0.8120263814926147,
        0.8121320009231567,
        0.8121584057807922,
        0.8121452331542969
    ],
    "val_loss": [
        0.936525285243988,
        0.936521053314209,
        0.9365257620811462,
        0.9365271329879761
    ],
    "val_accuracy": [
        0.7439088821411133,
        0.7436440587043762,
        0.7436440587043762,
        0.7436440587043762
    ],
    "lr": [
        9.999999974752427e-07,
        9.999999974752427e-07,
        2.0000000233721948e-07,
        1.0000000116860974e-07
    ]
}