{
    "loss": [
        2.0866715908050537,
        1.5937678813934326,
        1.4808082580566406,
        1.402016043663025,
        1.3536784648895264
    ],
    "accuracy": [
        0.49609240889549255,
        0.5950099229812622,
        0.6194059252738953,
        0.6361584067344666,
        0.647128701210022
    ],
    "val_loss": [
        1.290264368057251,
        1.1759790182113647,
        1.156319260597229,
        1.1245365142822266,
        1.114055871963501
    ],
    "val_accuracy": [
        0.6514830589294434,
        0.6811440587043762,
        0.6853813529014587,
        0.6970338821411133,
        0.695709764957428
    ],
    "lr": [
        0.0010000000474974513,
        0.0010000000474974513,
        0.0010000000474974513,
        0.0010000000474974513,
        0.0010000000474974513
    ]
}