{
    "loss": [
        1.7185193300247192,
        1.201664686203003,
        1.0556963682174683,
        0.9619438052177429,
        0.8242467045783997
    ],
    "accuracy": [
        0.5802507996559143,
        0.6886996626853943,
        0.7238547801971436,
        0.7466534376144409,
        0.7894521355628967
    ],
    "val_loss": [
        1.1362805366516113,
        1.032267451286316,
        0.9934186339378357,
        0.9864770770072937,
        0.9460667967796326
    ],
    "val_accuracy": [
        0.695709764957428,
        0.7176907062530518,
        0.7293432354927063,
        0.726165235042572,
        0.7367584705352783
    ],
    "lr": [
        0.0010000000474974513,
        0.0010000000474974513,
        0.0010000000474974513,
        0.0010000000474974513,
        0.00020000000949949026
    ]
}