epoch,accuracy,loss,lr,val_accuracy,val_loss
0,0.5795115232467651,1.7202540636062622,0.001,0.6988877058029175,1.133196473121643
1,0.6882508397102356,1.2011488676071167,0.001,0.7150423526763916,1.042792797088623
2,0.7225610613822937,1.0563364028930664,0.001,0.727224588394165,0.9958601593971252
3,0.7469174861907959,0.9617171883583069,0.001,0.7311970591545105,0.9787924885749817
4,0.7654389142990112,0.8904331922531128,0.001,0.7349046468734741,0.9740504622459412
