epoch,accuracy,loss,lr,val_accuracy,val_loss
0,0.49811220169067383,2.084294080734253,0.001,0.6504237055778503,1.2918673753738403
1,0.5942310094833374,1.5979939699172974,0.001,0.6747881174087524,1.198351502418518
2,0.6206732392311096,1.4776692390441895,0.001,0.6925317645072937,1.1463758945465088
3,0.636396050453186,1.4046257734298706,0.001,0.6933262944221497,1.1342631578445435
4,0.6473795175552368,1.3506954908370972,0.001,0.694915235042572,1.1232447624206543
