epoch,accuracy,loss,lr,val_accuracy,val_loss
0,0.5802507996559143,1.7185193300247192,0.001,0.695709764957428,1.1362805366516113
1,0.6886996626853943,1.201664686203003,0.001,0.7176907062530518,1.032267451286316
2,0.7238547801971436,1.0556963682174683,0.001,0.7293432354927063,0.9934186339378357
3,0.7466534376144409,0.9619438052177429,0.001,0.726165235042572,0.9864770770072937
4,0.7894521355628967,0.8242467045783997,0.00020000001,0.7367584705352783,0.9460667967796326
