epoch,accuracy,loss,lr,val_accuracy,val_loss
5,0.7979537844657898,0.7962052226066589,1e-04,0.7391419410705566,0.9417586326599121
6,0.8005676865577698,0.7881813049316406,1e-04,0.7399364113807678,0.9406226277351379
7,0.8025610446929932,0.7810602784156799,1e-04,0.7407309412956238,0.9394835233688354
8,0.8039339780807495,0.7744365930557251,1e-04,0.7409957647323608,0.938746452331543
9,0.8059141635894775,0.768151044845581,1e-04,0.7431144118309021,0.9379916191101074
