epoch,accuracy,loss,lr,val_accuracy,val_loss
15,0.8120263814926147,0.7490801811218262,1e-06,0.7439088821411133,0.936525285243988
16,0.8121320009231567,0.7490138411521912,1e-06,0.7436440587043762,0.936521053314209
17,0.8121584057807922,0.7488383650779724,2e-07,0.7436440587043762,0.9365257620811462
18,0.8121452331542969,0.7488110661506653,1e-07,0.7436440587043762,0.9365271329879761
