epoch,accuracy,loss,lr,val_accuracy,val_loss
10,0.8103762269020081,0.7531108260154724,1e-05,0.742849588394165,0.9369334578514099
11,0.8111287355422974,0.7518194913864136,1e-05,0.7444385886192322,0.936691164970398
12,0.8115247488021851,0.7510407567024231,1e-05,0.7439088821411133,0.9365534782409668
13,0.8119208216667175,0.7493833303451538,2e-06,0.7439088821411133,0.9365289807319641
14,0.8119735717773438,0.7490338087081909,4e-07,0.7439088821411133,0.9365442395210266
