epoch,accuracy,loss,lr,val_accuracy,val_loss
15,0.8232871294021606,0.811130702495575,1e-06,0.7587394118309021,1.0518027544021606
16,0.822257399559021,0.8086937665939331,1e-06,0.7545021176338196,1.0543010234832764
17,0.8235907554626465,0.8048393130302429,2e-07,0.758474588394165,1.0575292110443115
18,0.8236963748931885,0.8054220676422119,1e-07,0.7560911178588867,1.0554250478744507
