epoch,accuracy,loss,lr,val_accuracy,val_loss
0,0.5550891160964966,1.9657573699951172,0.001,0.6954449415206909,1.2966746091842651
1,0.6835115551948547,1.3754242658615112,0.001,0.7386122941970825,1.1580842733383179
2,0.7311022877693176,1.1746655702590942,0.001,0.7306673526763916,1.1591845750808716
3,0.8512607216835022,0.699199914932251,0.00020000001,0.8069385886192322,0.8460938334465027
4,0.8910759091377258,0.5239008665084839,0.00020000001,0.8074682354927063,0.8506547212600708
