epoch,accuracy,loss,lr,val_accuracy,val_loss
5,0.9268515110015869,0.40819427371025085,1e-04,0.8177965879440308,0.8205616474151611
6,0.9279075860977173,0.40600261092185974,1e-04,0.8175317645072937,0.8190550804138184
7,0.9268779158592224,0.40870198607444763,2e-05,0.8170021176338196,0.819900631904602
8,0.9266798496246338,0.4096390902996063,4e-06,0.8183262944221497,0.8160818815231323
9,0.9277227520942688,0.4058747887611389,4e-06,0.8262711763381958,0.8025336265563965
