epoch,accuracy,loss,lr,val_accuracy,val_loss
10,0.9248976707458496,0.41638240218162537,1e-05,0.8162076473236084,0.8247962594032288
11,0.9245148301124573,0.4153243899345398,1e-05,0.8138241767883301,0.8191103339195251
12,0.9252673387527466,0.4158078730106354,2e-06,0.8143538236618042,0.8279159665107727
13,0.9239208102226257,0.4164915382862091,4e-07,0.8093220591545105,0.8332375884056091
