epoch,accuracy,loss,lr,val_accuracy,val_loss
0,0.5551550984382629,1.9726674556732178,0.001,0.6951800584793091,1.327113389968872
1,0.6869438886642456,1.3705393075942993,0.001,0.7298728823661804,1.1643422842025757
2,0.7318019866943359,1.166395902633667,0.001,0.7447034120559692,1.0967955589294434
3,0.7661386132240295,1.0254771709442139,0.001,0.7409957647323608,1.1477327346801758
4,0.875392735004425,0.6041155457496643,0.00020000001,0.8016419410705566,0.864229679107666
