epoch,accuracy,loss,lr,val_accuracy,val_loss
0,0.5808317065238953,1.6488635540008545,0.001,0.7139830589294434,1.0405908823013306
1,0.7127524614334106,1.0743682384490967,0.001,0.741525411605835,0.949073851108551
2,0.7630230784416199,0.8610274791717529,0.001,0.7460275292396545,0.9171591997146606
3,0.800884485244751,0.7000756859779358,0.001,0.7486758232116699,0.946982741355896
4,0.8289636969566345,0.5863667130470276,0.001,0.7518538236618042,0.9690331816673279
