epoch,accuracy,loss,lr,val_accuracy,val_loss
0,0.4790363013744354,2.567985773086548,0.001,0.6652542352676392,1.648118257522583
1,0.6291353106498718,1.7882959842681885,0.001,0.6986228823661804,1.4503284692764282
2,0.6822310090065002,1.5522525310516357,0.001,0.7198092937469482,1.3781936168670654
3,0.7164620757102966,1.3941458463668823,0.001,0.7394067645072937,1.3075857162475586
4,0.7464290261268616,1.2689918279647827,0.001,0.7399364113807678,1.2905217409133911
